Column1;Column2
Varazdin : Varazdin Development and Entrepreneurship Agency, 2019;2019, vol. 9, iss. 1 s. 132-136 - tab. - Summ. - Bibliogr. 34 poz.
Moscow : Russian State Social University, 2019;S. 103-111 - summ., tab. - Bibliogr. 24 poz.
Warsaw : Faculty of Management University of Warsaw, 2019;2019, nr 383 s. 108-122 - rys., tab. - Streszcz., summ. - Bibliogr. 16 poz.
Koprivnica : University North, 2019;516 s.
Rabat : Faculty of Law, Economics and Social Sciences Sale - Mohammed V University in Rabat, 2019;163 s.
Czêstochowa : Wydawnictwo Politechniki Czêstochowskiej, 2019;178 s. : rys., tab.
Varazdin : Varazdin Development and Entrepreneurship Agency, 2019;"1101 s. ; Bibliogr. przy rozdz."
Moscow : Russian State Social University, 2019;2019, nr 382 s. 80-90 - rys., tab. - Streszcz., summ. - Bibliogr. 25 poz.
Warsaw : Faculty of Management University of Warsaw, 2019;2019, nr 6 s. 2-10 - rys. - Streszcz., summ. - Bibliogr. 36 poz.
Koprivnica : University North, 2019;2019, nr 382 s. 64-79 - rys., tab. - Streszcz., summ. - Bibliogr. 38 poz.
Rabat : Faculty of Law, Economics and Social Sciences Sale - Mohammed V University in Rabat, 2019;2019, nr 382 s. 133-142 - Streszcz., summ. - Bibliogr. 38 poz.
Katowice : Wydawnictwo Uniwersytetu Ekonomicznego w Katowicach, 2019;2019, nr 382 s. 123-132 - tab. - Streszcz., summ. - Bibliogr. 18 poz.
Varazdin : Varazdin Development and Entrepreneurship Agency, 2019;2019, nr 5 s. 25-31 - Summ. - Bibliogr. 33 poz.
Moscow : Russian State Social University, 2019;2019, nr 382 s. 24-37 - Streszcz., summ. - Bibliogr. 17 poz.
Warsaw : Faculty of Management University of Warsaw, 2019;2019, vol. 53, no. 2 s. 67-77 - rys. - Summ. - Bibliogr. 30 poz.
Koprivnica : University North, 2019;2019, No. 20 s. 87-102 - rys., tab. - Streszcz., summ. - Bibliogr. 22 poz.
Rabat : Faculty of Law, Economics and Social Sciences Sale - Mohammed V University in Rabat, 2019;2019 s. 230-241 - rys., tab. - Summ. - Bibliogr. 14 poz.
Sofia : STEF92 Technology, 2019;2019, t. 20, nr 2 s. 57-72 - rys., tab. - Streszcz., summ. - Bibliogr. 43 poz.
Warszawa : CeDeWu, 2019;2019 s. 29-40 - rys. - Summ. - Bibliogr. 16 poz.
Katowice : Wydawnictwo Uniwersytetu Ekonomicznego w Katowicach, 2019;2019, nr 390 s. 91-104 - rys., tab. - Streszcz., summ. - Bibliogr. 22 poz.
Katowice : Publishing House of the University of Economics in Katowice, 2019;2019, No. 20 s. 23-37 - Streszcz., summ. - Bibliogr. 43 poz.
Varazdin : Varazdin Development and Entrepreneurship Agency, 2019;182 s. : rys., tab., Bibliogr. 257 poz., s. 169-178
Moscow : Russian State Social University, 2019;2019, vol. 14, no. 2 s. 389-403 - tab. - Summ. - Bibliogr. 38 poz.
Warsaw : Faculty of Management University of Warsaw, 2019;138 s. : rys., tab.
Koprivnica : University North, 2019;2019, vol. 11 s. 40-52 - rys., tab. - Bibliogr. 78 poz.
Rabat : Faculty of Law, Economics and Social Sciences Sale - Mohammed V University in Rabat, 2019;2019, nr 390 s. 125-138 - rys., tab. - Streszcz., summ. - Bibliogr. 15 poz.
Warszawa : Wydawnictwo Placet, 2019;2019, nr 390 s. 105-124 - rys., tab. - Streszcz., summ. - Bibliogr. 15 poz.
Warszawa : Wydawnictwo Placet, 2019;167 s. : rys., tab., Bibliogr. po art.
Warszawa : Wydawnictwo Placet, 2019;2019, vol. 61, num. 4 s. 3-16 - Resumen, resum, summ. - Bibliogr. 25 poz.
Warszawa : Wydawnictwo Placet, 2019;2019, vol. 11, iss. 3 s. 117-131 - rys., tab. - Summ. - Bibliogr. 64 poz.
Granada : International Business Information Management Association (IBIMA), 2019;2019, nr 390 s. 7-17 - rys., tab. - Streszcz., summ. - Bibliogr. 14 poz.
Granada : International Business Information Management Association (IBIMA), 2019;2019, vol. 11, iss. 3 s. 48-59 - rys., tab. - Summ. - Bibliogr. 70 poz.
Czêstochowa : Wydawnictwo Politechniki Czêstochowskiej, 2019;2019, nr 390 s. 44-59 - rys., tab. - Streszcz., summ. - Bibliogr. 21 poz.
Warszawa : Difin, 2019;S. 14-15
Warszawa : Difin, 2019;2019, vol. 55, iss. 2 s. 118-126 - rys., tab. - Summ. - Bibliogr. 35 poz.
Warszawa : Difin, 2019;S. 185-211
Warszawa : Difin, 2019;S. 65-75 - tab.
Granada : International Business Information Management Association (IBIMA), 2019;2019, nr 381 s. 102-119 - rys., tab. - Streszcz., summ. - Bibliogr. 18 poz.
Warszawa : Difin, 2019;2019, vol. 7, no. 3 s. 65-82 - rys., tab. - Summ. - Bibliogr. 42 poz.
Granada : International Business Information Management Association (IBIMA), 2019;S. 15-36 - rys., tab.
Sofia : STEF92 Technology, 2019;2019, t. 104 (160) s. 85-102 - tab. - Streszcz., summ. - Bibliogr. 68 poz.
Warszawa : Difin, 2019;S. 8417-8423 - Bibliogr. 34 poz.
Warszawa : Difin, 2019;S. 492-496 - summ., tab. - Bibliogr. 8 poz.
Warszawa : Wydawnictwo Placet, 2019;S. 122-133
Katowice : Publishing House of the University of Economics in Katowice, 2019;2019, vol. 57 s. 191-203 - Summ. - Bibliogr. 23 poz.
Katowice : Publishing House of the University of Economics in Katowice, 2019;S. 165-194 - rys., tab.
Katowice : Publishing House of the University of Economics in Katowice, 2019;S. 7355-7365 - rys., summ. - Bibliogr. 46 poz.
Brno : Masaryk University, 2019;272 s. : rys., tab., Bibliogr. 293 poz., s. 254-269
Varazdin : Varazdin Development and Entrepreneurship Agency, 2019;S. 2517-2526 - rys., tab. - Bibliogr. 33 poz.
Baku : Azerbaijan State University of Economics (UNEC), 2019;S. 279-287
Koprivnica : University North, 2019;S. 383-392 - tab., summ. - Bibliogr. 10 poz.
Warsaw : Faculty of Management University of Warsaw, 2019;S. 72-97 - rys., tab.
Rabat : Faculty of Law, Economics and Social Sciences Sale - Mohammed V University in Rabat, 2019;2019, vol. 67, no. 5 s. 1309-1323 - rys., tab. - Summ. - Bibliogr. 46 poz.
Varazdin : Varazdin Development and Entrepreneurship Agency, 2019;S. 19-36
Baku : Azerbaijan State University of Economics (UNEC), 2019;S. 231-255 - tab.
Koprivnica : University North, 2019;2019, nr 31 s. 100-117 - rys., tab. - Streszcz., summ. - Bibliogr. 38 poz.
Warsaw : Faculty of Management University of Warsaw, 2019;2019, nr 9 s. 2-8 - Streszcz., summ. - Bibliogr. 23 poz.
Rabat : Faculty of Law, Economics and Social Sciences Sale - Mohammed V University in Rabat, 2019;2019, t. 20, z. 12, cz. 1 s. 199-212 - Streszcz., summ. - Bibliogr. 27 poz.
Varazdin : Varazdin Development and Entrepreneurship Agency, 2019;2019, t. 20, z. 12, cz. 1 s. 141-156 - tab. - Streszcz., summ. - Bibliogr. 30 poz.
Cham : Springer, 2019;S. 177-188 - rys., summ., tab. - Bibliogr. 32 poz.
Cham : Springer, 2019;2019, vol. 21, no. 4 s. 13-18 - tab. - Summ. - Bibliogr. 21 poz.
Czêstochowa : Wydawnictwo Politechniki Czêstochowskiej, 2019;2019, vol. 24, iss. 6 s. 748-766 - Summ. - Bibliogr. 156 poz.
Katowice : Wydawnictwo Uniwersytetu Ekonomicznego w Katowicach, 2019;S. 165-176 - rys., summ., tab. - Bibliogr. 22 poz.
Cham : Springer, 2019;S. 39-50 - rys., summ., tab. - Bibliogr. 21 poz.
Czêstochowa : Wydawnictwo Politechniki Czêstochowskiej, 2019;2019, No. 2 (69) s. 146-159 - rys., tab. - summ. - Bibliogr. 38 poz.
Varazdin : Varazdin Development and Entrepreneurship Agency, 2019;2019, No. 2 (69) s. 42-57 - rys., tab. - Summ. - Bibliogr. 77 poz.
Cham : Springer, 2019;2019, z. 273/274 s. 97-121 - rys., tab. - Summ. - Bibliogr. 11 poz.
Varazdin : Varazdin Development and Entrepreneurship Agency, 2019;2019, z. 273/274 s. 84-96 - tab. - Summ. - Bibliogr. 15 poz.
Koprivnica : University North, 2019;2019, z. 273/274 s. 223-237 - tab. - Summ. - Bibliogr. 28 poz.
Warsaw : Faculty of Management University of Warsaw, 2019;2019, t. 20, z. 12, cz. 1 s. 259-272 - Streszcz., summ. - Bibliogr. 36 poz.
Rabat : Faculty of Law, Economics and Social Sciences Sale - Mohammed V University in Rabat, 2019;2019, z. 273/274 s. 122-132 - rys. - Summ. - Bibliogr. 15 poz.
Cham : Springer, 2019;2019, z. 273/274 s. 238-249 - rys., tab. - Summ. - Bibliogr. 14 poz.
Czêstochowa : Wydawnictwo Politechniki Czêstochowskiej, 2019;2019, nr 4 (54) s. 19-28 - rys., tab. - Streszcz., summ. - Biblogr. 16 poz.
Varazdin : Varazdin Development and Entrepreneurship Agency, 2019;"97 s. ; Bibliogr. przy rozdz."
Koprivnica : University North, 2019;S. 75-85 - Bibliogr. 25 poz.
Warsaw : Faculty of Management University of Warsaw, 2019;2019, vol. 11, iss. 20 (5821) 21 s. - tab. - Summ. - Bibliogr. 104 poz.
Rabat : Faculty of Law, Economics and Social Sciences Sale - Mohammed V University in Rabat, 2019;2019, vol. 63, nr 2 s. 16-24 - rys. - Streszcz., summ. - Bibliogr. 17 poz.
Cham : Springer, 2019;S. 5-16 - Summ. - Bibliogr. 14 poz.
Cham : Springer, 2019;2019, vol. 11, iss. 19 (5207) 23 s. - rys., tab. - Summ. - Bibliogr. 107 poz.
Varazdin : Varazdin Development and Entrepreneurship Agency, 2019;"663 s. : rys., tab. ; Bibliogr. przy rozdz."
Lublin : Wydawnictwo Uniwersytetu Marii Curie-Sk³odowskiej, 2019;2019, vol. 123, iss. 10 s. 906-911 - rys., tab. - Summ. - Bibliogr. 21 poz.
Varazdin : Varazdin Development and Entrepreneurship Agency, 2019;1610 s.
Czêstochowa : Wydawnictwo Politechniki Czêstochowskiej, 2019;2019, vol. 63, nr 7 s. 25-34 - Streszcz., summ. - Bibliogr. 32 poz.
Cham : Springer, 2019;S. 1543-1548 - summ., tab. - Bibliogr. 10 poz.
Warszawa : Wydawnictwo SGGW, 2019;S. 13-24
Warszawa : Wydawnictwo SGGW, 2019;"144 s. ; rys., tab., Bibliogr. po art."
Katowice : Wydawnictwo Uniwersytetu Ekonomicznego w Katowicach, 2019;S. 163-177 - rys., tab. - Bibliogr. 36 poz.
Warszawa : Wydawnictwo SGGW, 2019;282 s.
Katowice : Wydawnictwo Uniwersytetu Ekonomicznego w Katowicach, 2019;S. 27-28
Warszawa : Wydawnictwo SGGW, 2019;2019, z. 176 s. 137-153 - rys., tab. - Streszcz., summ. - Bibliogr. 58 poz.
Warszawa : Wydawnictwo SGGW, 2019;2019, vol. 14 s. 29-43 - rys., tab. - Summ. - Bibliogr. 14 poz.
Katowice : Wydawnictwo Uniwersytetu Ekonomicznego w Katowicach, 2019;S. 276-285 - Bibliogr. 35 poz.
Warszawa : Wydawnictwo SGGW, 2019;"135 s. ; Bibliogr. po rozdz."
Katowice : Publishing House of the University of Economics in Katowice, 2019;2019, vol. 11, iss. 11 (3086) 15 s. - rys., tab. - Summ. - Bibliogr. 58 poz.
Katowice : Wydawnictwo Uniwersytetu Ekonomicznego w Katowicach, 2019;S. 231-240 - rys., tab. - Bibliogr. 13 poz.
Katowice : Wydawnictwo Uniwersytetu Ekonomicznego w Katowicach, 2019;214 s.
Katowice : Wydawnictwo Uniwersytetu Ekonomicznego w Katowicach, 2019;"1390 s. ; Bibliogr. przy rozdz."
Katowice : Wydawnictwo Uniwersytetu Ekonomicznego w Katowicach, 2019;S. 19-20
Warszawa : Polskie Wydawnictwo Ekonomiczne, 2019;S. 18
Kraków : Akademia Wychowania Fizycznego im. Bronis³awa Czecha w Krakowie, 2019;S. 76-92 - streszcz., summ. - Bibliogr. 63 poz.
Warszawa : Oficyna Wydawnicza SGH - Szko³a G³ówna Handlowa w Warszawie, 2019;S. 732-750 - Bibliogr. 29 poz.
Cham : Springer International Publishing, 2019;S. 115-126 - rys., tab. - Bibliogr. 11 poz.
Wroc³aw : Presscom, 2019;2019, nr 2 (52) s. 41-57 - rys., tab. - Streszcz., summ. - Bibliogr. 51 poz.
Cham : Springer International Publishing, 2019;261 s.
Kraków : Akademia Wychowania Fizycznego im. Bronis³awa Czecha w Krakowie, 2019;2019, vol. 11, iss. 11 24 s. (3090) - tab. - Summ. - Bibliogr. 102 s.
Warszawa : Oficyna Wydawnicza SGH - Szko³a G³ówna Handlowa w Warszawie, 2019;2019, vol. 4, iss. 1 s. 35-40 - rys., tab. - Summ. - Bibliogr. 16 poz.
Varazdin : Varazdin Development and Entrepreneurship Agency, 2019;"176 s. ; Bibliogr. przy rozdz."
Warsaw : Faculty of Management University of Warsaw, 2019;S. 9-24 - rys., tab. - Bibliogr. 21 poz.
Rabat : Faculty of Law, Economics and Social Sciences Sale - Mohammed V University in Rabat, 2019;S. 129-139 - rys., streszcz., summ., tab. - Bibliogr. 17 poz.
£ódŸ : Wydawnictwo Uniwersytetu £ódzkiego, 2019;204 s.
Varazdin : Varazdin Development and Entrepreneurship Agency, 2019;S. 107-118
Varazdin : Varazdin Development and Entrepreneurship Agency, 2019;S. 191-204
Koprivnica : University North, 2019;S. 68-79 - Bibliogr. 12 poz.
Warsaw : Faculty of Management University of Warsaw, 2019;2019, vol. 63, nr 7 s. 217-229 - rys., tab. - Streszcz., summ. - Bibliogr. 16 poz.
Rabat : Faculty of Law, Economics and Social Sciences Sale - Mohammed V University in Rabat, 2019;2019, vol. 24, iss. 1 s. 155-177 - Bibliogr. 70 poz.
Warszawa : Stowarzyszenie Ksiêgowych w Polsce - Zarz¹d G³ówny. Instytut Certyfikacji Zawodowej Ksiêgowych, 2019;2019, t. 66, z. 1 s. 84-93 - tab. - Streszcz., summ. - Bibliogr. 15 poz.
Warszawa : Stowarzyszenie Ksiêgowych w Polsce - Zarz¹d G³ówny. Instytut Certyfikacji Zawodowej Ksiêgowych, 2019;2019, Vol. 24 Issue: 3 s. 334-354 - rys., tab., za³. - Summ. - Bibliogr. 155 poz.
"Warszawa : Instytut Rozwoju Wsi i Rolnictwa Polskiej Akademii Nauk ; Wydawnictwo Naukowe Scholar, 2019";S. 248
Varazdin : Varazdin Development and Entrepreneurship Agency, 2019;S. 9-24
Warsaw : Faculty of Management University of Warsaw, 2019;2019, vol. 63, nr 7 s. 58-70 - tab. - Streszcz., summ. - Bibliogr. 31 poz.
Rabat : Faculty of Law, Economics and Social Sciences Sale - Mohammed V University in Rabat, 2019;2019, nr 5 s. 21-27 - tab. - Streszcz., summ. - Bibliogr. 52 poz.
Reading : Academic Conferences and Publishing International Limited, 2019;2019, vol. 63, nr 7 s. 172-183 - Streszcz., summ. - Bibliogr. 29 poz.
Czêstochowa : Publishing Office of Czestochowa University of Technology, 2019;S. 144-155 - Bibliogr. 26 poz.
Lublin : Wydawnictwo Uniwersytetu Marii Curie-Sk³odowskiej, 2019;S. 156-174 - fot. - Bibliogr. 28 poz.
"Warszawa : Instytut Rozwoju Wsi i Rolnictwa Polskiej Akademii Nauk ; Wydawnictwo Naukowe Scholar, 2019";2019, no. 139 s. 607-619 - rys., tab. - Summ. - Bibliogr. 17 poz.
Radom : Wydawnictwo Naukowe Instytutu Technologii Eksploatacji Pañstwowego Instytutu Badawczego, 2019;2019, vol. 6 (345) s. 111-125 - rys., tab. - Streszcz., summ. - Bibliogr. 17 poz.
Varazdin : Varazdin Development and Entrepreneurship Agency, 2019;2019, nr 1 (25) s. 49-63 - Streszcz., summ. - Bibliogr. 12 poz.
Belgrade : Megatrend University, 2019;"481 s. ; bibliogr. przy rozdz."
Koprivnica : University North, 2019;2019, nr 1 (25) s. 65-85 - rys., tab. - Streszcz., summ. - Bibliogr. 54 poz.
Warsaw : Faculty of Management University of Warsaw, 2019;2019, vol. 16, iss. 1 s. 91-97 - rys., tab. - Summ. - Bibliogr. 12 poz.
Katowice : Wydawnictwo Uniwersytetu Ekonomicznego w Katowicach, 2019;2019, vol. 16, iss. 1 s. 137-147 - rys., tab. - Summ. - Bibliogr. 39 poz.
Katowice : Wydawnictwo Uniwersytetu Ekonomicznego w Katowicach, 2019;"266 s. : rys., tab. ; Bibliogr. przy rozdz."
Katowice : Wydawnictwo Uniwersytetu Ekonomicznego w Katowicach, 2019;298 s. : tab., Bibliogr. 547 poz., s. 241-277
Katowice : Wydawnictwo Uniwersytetu Ekonomicznego w Katowicach, 2019;2019, nr 1 (51) s. 193-206 - Streszcz., summ. - Bibliogr. 31 poz.
Katowice : Wydawnictwo Uniwersytetu Ekonomicznego w Katowicach, 2019;S. 61-74 - Bibliogr. 46 poz.
Katowice : Wydawnictwo Uniwersytetu Ekonomicznego w Katowicach, 2019;S. 245-252 - streszcz.
Katowice : Wydawnictwo Uniwersytetu Ekonomicznego w Katowicach, 2019;2019, nr 2 (52) s. 97-108 - Streszcz., summ. - Bibliogr. 20 poz.
Katowice : Wydawnictwo Uniwersytetu Ekonomicznego w Katowicach, 2019;2019, nr 5 s. 3-9 - rys., tab. - Streszcz. - Bibliogr. 35 poz.
Varazdin : Varazdin Development and Entrepreneurship Agency, 2019;S. 153-168 - summ.
Belgrade : Megatrend University, 2019;2019, vol. 16, iss. 1 s. 70-79 - tab. - Summ. - Bibliogr. 20 poz.
Koprivnica : University North, 2019;2019, vol. 83, iss. 1 s. 50-62 - summ. - Bibliogr. 56 poz.
Warsaw : Faculty of Management University of Warsaw, 2019;S. 151-159 - tab. - Bibliogr. 16 poz.
Rabat : Faculty of Law, Economics and Social Sciences Sale - Mohammed V University in Rabat, 2019;S. 12-13
Varazdin : Varazdin Development and Entrepreneurship Agency, 2019;2019, t. 20, z. 6/1 s. 283-301 - tab. - Summ. - Bibliogr. 41 poz.
Belgrade : Megatrend University, 2019;143 s. : tab.
Koprivnica : University North, 2019;212 s. : rys., tab., Bibliogr. 23 poz., s. 211-212
Warsaw : Faculty of Management University of Warsaw, 2019;2019, t. 20, z. 6/1 s. 79-96 - tab. - Summ. - Bibliogr. 23 poz.
Rabat : Faculty of Law, Economics and Social Sciences Sale - Mohammed V University in Rabat, 2019;S. 1097-1124 - rys., tab. - Bibliogr. 84 poz.
Varazdin : Varazdin Development and Entrepreneurship Agency, 2019;S. 106-114 - rys. - Bibliogr. 10 poz.
Belgrade : Megatrend University, 2019;2019, nr 1 s. 16-21 - Streszcz., summ. - Bibliogr. 14 poz.
Koprivnica : University North, 2019;2019, t. 84, nr 1 s. 33-42 - rys., tab. - Streszcz., summ. - Bibliogr. 13 poz.
Warsaw : Faculty of Management University of Warsaw, 2019;2019, nr 4 (3) s. 55-64 - rys., tab. - Streszcz., summ. - Bibliogr. 33 poz.
Rabat : Faculty of Law, Economics and Social Sciences Sale - Mohammed V University in Rabat, 2019;2019, t. 84, nr 1 s. 13-32 - tab. - Streszcz., summ. - Bibliogr. 31 poz.
Cham : Springer, 2019;2019, vol. 7, iss. 2 (208) 20 s. - rys., tab. - Summ. - Bibliogr. 35 poz.
Cham : Springer, 2019;2019, t. 84, nr 1 s. 63-74 - rys., tab. - Streszcz., summ. - Bibliogr. 42 poz.
Cham : Springer, 2019;"1268 s. (vol. 1 i 2) ; Bibliogr. przy rozdz."
Kielce : Laboratorium Wiedzy Artur Borcuch, 2019;2019, Vol. 15, issue 1 s. 123-146 - tab. - Streszcz., summ. - Bibliogr. 82 poz.
Kielce : Laboratorium Wiedzy Artur Borcuch, 2019;2019, t. 84, nr 1 s. 43-61 - rys., tab. - Streszcz., summ. - Bibliogr. 28 poz.
Katowice : Wydawnictwo Uniwersytetu Ekonomicznego w Katowicach, 2019;114 s. : rys., tab., Bibliogr. 57 poz., s. 105-107
Katowice : Wydawnictwo Uniwersytetu Ekonomicznego w Katowicach, 2019;S. 1753-1755 - Bibliogr. 14 poz.
Kielce : Laboratorium Wiedzy Artur Borcuch, 2019;1913 s.
New York : Institute of Electrical and Electronics Engineers, 2019;2019, nr 34 s. 114-122 - Streszcz., summ. - Bibliogr. 19 poz.
Warszawa : Polskie Towarzystwo Informatyczne, 2019;S. 109-122 - tab.
Katowice : Wydawnictwo Uniwersytetu Ekonomicznego w Katowicach, 2019;S. 1451-1461 - summ. - Bibliogr. 28 poz.
Kielce : Laboratorium Wiedzy Artur Borcuch, 2019;S. 947-976 - Bibliogr. 73 poz.
Katowice : Wydawnictwo Uniwersytetu Ekonomicznego w Katowicach, 2019;2019, t. 20, nr 1 s. 145-157 - Streszcz., summ. - Bibliogr. 32 poz.
Gdañsk : Wydawnictwo Uniwersytetu Gdañskiego, 2019;403 s. : rys., Bibliogr. 109 poz.
New York : Institute of Electrical and Electronics Engineers, 2019;S. 386-394 - summ., tab. - Bibliogr. 14 poz.
Warszawa : Polskie Towarzystwo Informatyczne, 2019;S. 56-68 - tab. - Bibliogr. 16 poz.
Gdañsk : Wydawnictwo Uniwersytetu Gdañskiego, 2019;2019, vol. 26, iss. 1 s. 195-211 - rys., tab. - summ. - Bibliogr. 44 poz.
Katowice : Wydawnictwo Uniwersytetu Ekonomicznego w Katowicach, 2019;S. 11-26 - tab. - Bibliogr. 46 poz.
Katowice : Wydawnictwo Uniwersytetu Ekonomicznego w Katowicach, 2019;2019, nr 7 s. 2-7 - tab. - Streszcz., summ. - Bibliogr. 27 poz.
Katowice : Wydawnictwo Uniwersytetu Ekonomicznego w Katowicach, 2019;S. 173-184 - tab. - Bibliogr. 18 poz.
Katowice : Wydawnictwo Uniwersytetu Ekonomicznego w Katowicach, 2019;2019, nr 7 (698) s. 70-74 - fot.
Katowice : Wydawnictwo Uniwersytetu Ekonomicznego w Katowicach, 2019;S. 133-149 - tab. - Bibliogr. 42 poz.
Katowice : Wydawnictwo Uniwersytetu Ekonomicznego w Katowicach, 2019;2019, nr 379 s. 72-95 - rys. - Streszcz., summ. - Bibliogr. 6 poz.
Katowice : Wydawnictwo Uniwersytetu Ekonomicznego w Katowicach, 2019;S. 172-188 - rys. - Bibliogr. 45 poz.
Katowice : Wydawnictwo Akademii Wychowania Fizycznego w Katowicach, 2019;S. 137-171 - rys. - Bibliogr. 42 poz.
Katowice : Wydawnictwo Uniwersytetu Ekonomicznego w Katowicach, 2019;2019, nr 379 s. 46-56 - Streszcz., summ. - Bibliogr. 47 poz.
Katowice : Wydawnictwo Uniwersytetu Ekonomicznego w Katowicach, 2019;"210 s. : rys., tab. ; Bibliogr. przy rozdz."
Katowice : Wydawnictwo Akademii Wychowania Fizycznego w Katowicach, 2019;124 s. : rys., tab., Bibliogr. 175 poz., s. 109-119
Katowice : Wydawnictwo Uniwersytetu Ekonomicznego w Katowicach, 2019;S. 3-4
Katowice : Wydawnictwo Uniwersytetu Ekonomicznego w Katowicach, 2019;2019, nr 38 s. 5-11 - tab. - Streszcz., summ. - Bibliogr. 24 poz.
Ceske Budejovice : University of South Bohemia in Ceske Budejovice, Faculty of Economics, 2019;"394 s. ; Bibliogr. przy rozdz."
Warszawa : Wydawnictwo SGGW, 2019;2019, vol. 18, no. 2 s. 123-131 - Summ. - Bibliogr. 15 poz.
Katowice : Wydawnictwo Uniwersytetu Ekonomicznego w Katowicach, 2019;52 s.
Katowice : Wydawnictwo Uniwersytetu Ekonomicznego w Katowicach, 2019;S. 19-20
Katowice : Wydawnictwo Uniwersytetu Ekonomicznego w Katowicach, 2019;2019, vol. 10, no. 32 s. 87-104 - Summ. - Bibliogr. 57 poz.
Katowice : Publishing House of the University of Economics in Katowice, 2019;S. 51-52
Katowice : Wydawnictwo Uniwersytetu Ekonomicznego w Katowicach, 2019;S. 20-26 - rys., summ., tab. - Bibliogr. 10 poz.
Katowice : Publishing House of the University of Economics in Katowice, 2019;2019, vol. 20, iss. 5 s. 1858-1869 - rys., tab. - Bibliogr. 49 poz.
Katowice : Wydawnictwo Uniwersytetu Ekonomicznego w Katowicach, 2019;2019, no. 4 (21) s. 41-60 - rys., tab. - Summ. - Bibliogr. 14 poz.
Katowice : Wydawnictwo Uniwersytetu Ekonomicznego w Katowicach, 2019;2019, Vol. 3, Issue 1 s. 83-86
Warszawa : Wydawnictwo SGGW, 2019;2019, Vol. 6, No. 3 20 s. - rys. - Summ. - Bibliogr. 22 poz.
Katowice : Wydawnictwo Uniwersytetu Ekonomicznego w Katowicach, 2019;S. 215-224 - tab. - Bibliogr. 18 poz.
Warszawa : Wydawnictwo SGGW, 2019;2019, vol. 25, iss. 1 s. 50-66 - rys., tab. - Summ. - Bibliogr. 66 poz.
Katowice : Wydawnictwo Uniwersytetu Ekonomicznego w Katowicach, 2019;S. 151-163 - rys. - Bibliogr. 28 poz.
"Gdañsk ; Sopot : Wydawnictwo Uniwersytetu Gdañskiego, 2019";"510 s. ; Bibliogr. przy rozdz."
Katowice : Wydawnictwo Uniwersytetu Ekonomicznego w Katowicach, 2019;2019, nr 1 s. 133-156 - rys., tab. - Summ. - Bibliogr. 26 poz.
Katowice : Wydawnictwo Uniwersytetu Ekonomicznego w Katowicach, 2019;2019, vol. 17, no. 1/1 s. 155-166 - rys. - Streszcz., summ. - Bibliogr. 21 poz.
Katowice : Wydawnictwo Uniwersytetu Ekonomicznego w Katowicach, 2019;2019, z. 135 s. 191-206 - rys. - Summ. - Bibliogr. 79 poz.
Katowice : Wydawnictwo Uniwersytetu Ekonomicznego w Katowicach, 2019;2019, vol. 23, no. 2 s. 1-14 - rys., tab. - Streszcz., summ. - Bibliogr. 32 poz.
Katowice : Wydawnictwo Uniwersytetu Ekonomicznego w Katowicach, 2019;2019, nr 15 (1) s. 39-51 - rys., tab. - Streszcz., summ. - Bibliogr. 30 poz.
"Gdañsk ; Sopot : Wydawnictwo Uniwersytetu Gdañskiego, 2019";194 s.
Katowice : Wydawnictwo Uniwersytu Œl¹skiego, 2019;S. 171-183 - rys. - Bibliogr. 49 poz.
Kyiv : Kyiv National University of Trade and Economics, 2019;S. 83-99 - rys. - Bibliogr. 43 poz.
Katowice : Wydawnictwo Uniwersytetu Ekonomicznego w Katowicach, 2019;2019, T. 35 s. 27-38 - rys., tab. - Streszcz., summ. - Bibliogr. 16 poz.
Ostrava : VSB - Technical University of Ostrava, 2019;2019, nr 27 s. 45-57 - rys. - Summ. - Bibliogr. 14 poz.
Ostrava : VSB - Technical University of Ostrava, 2019;2019, nr 379 s. 31-45 - Streszcz., summ. - Bibliogr. 34 poz.
Kyiv : Kyiv National University of Trade and Economics, 2019;2019, t. 55, z. 2 s. 352-372 - rys. - Summ. - Bibliogr. 32 poz.
Katowice : Wydawnictwo Uniwersytetu Ekonomicznego w Katowicach, 2019;"190 s. : rys., tab. ; Bibliogr. przy rozdz."
Ostrava : VSB - Technical University of Ostrava, 2019;S. 101-110 - tab. - Bibliogr. 34 poz.
Katowice : Wydawnictwo Uniwersytetu Ekonomicznego w Katowicach, 2019;933 s.
Katowice : Wydawnictwo Uniwersytu Œl¹skiego, 2019;S. 159-170 - Bibliogr. 73 poz.
Ostrava : VSB - Technical University of Ostrava, 2019;S. 28-49 - rys., tab. - Bibliogr. 35 poz.
Katowice : Wydawnictwo Uniwersytetu Ekonomicznego w Katowicach, 2019;2019, vol. 71, iss. 1 s. 54-71 - rys., tab. - Summ. - Bibliogr. 39 poz.
Gdañsk : Wydawnictwo Uniwersytetu Gdañskiego, 2019;S. 149-158 - Bibliogr. 71 poz.
Katowice : Wydawnictwo Uniwersytetu Ekonomicznego w Katowicach, 2019;S. 11-27 - tab. - Bibliogr. 17 poz.
Katowice : Wydawnictwo Uniwersytetu Ekonomicznego w Katowicach, 2019;S. 237-250 - rys., streszcz., tab. - Bibliogr. 30 poz.
Sofia : UNWE Publishing Complex, 2019;2019, nr 10 s. 24-29 - tab. - Streszcz. - Bibliogr. 23 poz.
Szczecin : Wydawnictwo Naukowe Uniwersytetu Szczeciñskiego, 2019;S. 579-588 - Bibliogr. 50 poz.
Szczecin : Wydawnictwo Naukowe Uniwersytetu Szczeciñskiego, 2019;2019, vol. 17, no. 1 (81) s. 212-238 - rys., tab. - Streszcz., summ. - Bibliogr. 129 poz.
Szczecin : Wydawnictwo Naukowe Uniwersytetu Szczeciñskiego, 2019;290 s.
Szczecin : Wydawnictwo Naukowe Uniwersytetu Szczeciñskiego, 2019;S. 119-136 - rys., tab. - Bibliogr. 50 poz.
Warszawa : CeDeWu, 2019;S. 100-118 - rys., tab. - Bibliogr. 15 poz.
Katowice : Wydawnictwo Uniwersytetu Ekonomicznego w Katowicach, 2019;S. 221-243 - tab., summ.
Sofia : UNWE Publishing Complex, 2019;S. 192-202 - Summ.
Warszawa : Komitet Przestrzennego Zagospodarowania Kraju PAN, 2019;286 s. : rys., tab., Bibliogr. 279 poz., s. 263-280
Katowice : Wydawnictwo Uniwersytetu Ekonomicznego w Katowicach, 2019;S. 203-220 - rys., summ.
Katowice : Wydawnictwo Uniwersytetu Ekonomicznego w Katowicach, 2019;348 s. : rys., tab., Bibliogr. po rozdz.
Warszawa : Wolters Kluwer, 2019;S. 83-98 - rys., tab., summ.
Katowice : Wydawnictwo Uniwersytetu Ekonomicznego w Katowicach, 2019;216 s. : rys., tab., Bibliogr. 133 poz., s. 205-211
Katowice : Wydawnictwo Uniwersytetu Ekonomicznego w Katowicach, 2019;S. 209-228 - tab., streszcz. - Bibliogr. 31 poz.
Warsaw : Dom Wydawniczy ELIPSA, 2019;S. 135-149 - rys., tab., summ.
Ceske Budejovice : University of South Bohemia in Ceske Budejovice, Faculty of Economics, 2019;"598 s. ; Bibliogr. przy rozdz."
Ostrava : VSB - Technical University of Ostrava, 2019;S. 133-141 - rys., tab., summ. - Bibliogr. 24 poz.
Katowice : Wydawnictwo Uniwersytetu Ekonomicznego w Katowicach, 2019;S. 29-44 - rys., tab., summ.
Warsaw : Dom Wydawniczy ELIPSA, 2019;S. 276-288 - rys., tab., summ.
Katowice : Wydawnictwo Uniwersytetu Ekonomicznego w Katowicach, 2019;181 s. : rys., tab., Bibliogr.
Katowice : Wydawnictwo Uniwersytetu Ekonomicznego w Katowicach, 2019;13 s. - rys., tab. - Bibliogr. 22 poz.
Siedlce : Wydawnictwo Naukowe Uniwersytetu Przyrodniczo-Humanistycznego w Siedlcach, 2019;S. 247-259 - rys., tab., summ.
Moskva : Ekonomiceskij fakultet MGU imieni M.V. Lomonosova, 2019;S. 260-275 - rys., tab., summ.
Katowice : Publishing House of the University of Economics in Katowice, 2019;168 s.
Katowice : Fundacja \;2019, vol. 55, iss. 4 s. 319-330 - rys., tab. - Summ. - Bibliogr. 66 poz.
Warszawa : Wydawnictwo Naukowe Scholar, 2019;S. 39-48 - tab., streszcz., summ. - Bibliogr. 11 poz.
Katowice : Publishing House of the University of Economics in Katowice, 2019;244 s.
Katowice : Publishing House of the University of Economics in Katowice, 2019;2019, vol. 19, iss. 4 s. 993-1032 - rys., tab. - Summ. - Bibliogr. 77 poz.
Katowice : Fundacja \;190 s., Bibliogr. s. 183-190
Katowice : Wydawnictwo Uniwersytetu Ekonomicznego w Katowicach, 2019;133 s.
Katowice : Wydawnictwo Uniwersytetu Ekonomicznego w Katowicach, 2019;108 s. : rys., tab., Bibliogr. 124 poz.
Katowice : Wydawnictwo Uniwersytetu Ekonomicznego w Katowicach, 2019;122 s.
Moskva : Ekonomiceskij fakultet MGU imieni M.V. Lomonosova, 2019;S. 236-252 - Bibliogr. 19 poz.
Katowice : Wydawnictwo Uniwersytetu Ekonomicznego w Katowicach, 2019;S. 95-108
Katowice : Wydawnictwo Uniwersytetu Ekonomicznego w Katowicach, 2019;S. 285-303 - Bibliogr. 65 poz.
Siedlce : Wydawnictwo Naukowe Uniwersytetu Przyrodniczo-Humanistycznego w Siedlcach, 2019;S. 66-74 - rys., tab.
Katowice : Wydawnictwo Uniwersytetu Ekonomicznego w Katowicach, 2019;S. 152-160 - rys., summ. - Bibliogr. 17 poz.
Cham : Springer, 2019;"298 s. ; Bibliogr. przy rozdz."
Katowice : Wydawnictwo Uniwersytetu Ekonomicznego w Katowicach, 2019;860 s.
Katowice : Wydawnictwo Uniwersytetu Ekonomicznego w Katowicach, 2019;S. 193-210 - rys. - Bibliogr. 19 poz.
Katowice : Wydawnictwo Uniwersytetu Ekonomicznego w Katowicach, 2019;S. 249-255 - summ., tab. - Bibliogr. 14 poz.
Cham : Springer, 2019;S. 155-164
Cham : Springer, 2019;S. 103-111 - rys., summ., tab. - Bibliogr. 26 poz.
Warszawa : Wolters Kluwer, 2019;S. 211-235 - Bibliogr. 51 poz.
Lviv : Lviv Polytechnic National University, 2019;S. 81-92 - streszcz.
Cham : Springer, 2019;S. 191-201 - rys., tab., summ. - Bibliogr. 19 poz.
Szczecin : Wydawnictwo Naukowe Uniwersytetu Szczeciñskiego, 2019;"319 s. ; Bibliogr. przy rozdz."
Warszawa : Wydawnictwo Naukowe PWN, 2019;S. 53-64 - streszcz., summ., tab. - Bibliogr. 28 poz.
Cham : Springer, 2019;S. 123-132 - rys., streszcz., summ., tab. - Bibliogr. 9 poz.
Napoli : Edizioni Scientifiche Italiane, 2019;2019, nr 1 (51) s. 44-54 - Streszcz., summ. - Bibliogr. 43 poz.
Napoli : Edizioni Scientifiche Italiane, 2019;S. 276-289 - streszcz., summ. - Bibliogr. 20 poz.
Cham : Springer, 2019;2019, nr 45 s. 23-40 - tab. - Streszcz., summ. - Bibliogr. 78 poz.
Cham : Springer, 2019;2019, vol. 17, no. 5 (85) s. 111-131 - rys., tab. - Streszcz., summ. - Bibliogr. 55 poz.
£ódŸ-Warszawa : Wydawnictwo Spo³ecznej Akademii Nauk, 2019;2019, nr 1 s. 155-177 - Summ. - Bibliogr. 50 poz.
Katowice : Wydawnictwo Uniwersytetu Ekonomicznego w Katowicach, 2019;2019, vol. 17, no. 5 (85) s. 24-39 - tab. - Summ. - Bibliogr. 40 poz.
Lublin : Wydawnictwo Naukowe Tygiel, 2019;2019, T. 19, z. 4 s. 69-79 - tab. - Streszcz., summ. - Bibliogr. 20 poz.
Katowice : Publishing House of the University of Economics in Katowice, 2019;S. 154-174 - tab.
Lublin : Wydawnictwo Naukowe Tygiel, 2019;S. 175-184
£ódŸ-Warszawa : Wydawnictwo Spo³ecznej Akademii Nauk, 2019;S. 140-153 - tab.
Warszawa : Wydawnictwo Naukowe Scholar, 2019;2019, nr 10 s. 22-30 - tab. - Streszcz., summ. - Bibliogr. 29 poz.
Katowice : Wydawnictwo Uniwersytetu Ekonomicznego w Katowicach, 2019;S. 62-83
£ódŸ-Warszawa : Wydawnictwo Spo³ecznej Akademii Nauk, 2019;2019, nr 14 (1) s. 47-62 - rys., tab. - Streszcz., summ. - Bibliogr. 33 poz.
Sanok : Pañstwowa Wy¿sza Szko³a Zawodowa im. Jana Grodka w Sanoku : Polskie Towarzystwo Historyczne, oddzia³ w Sanoku, 2019;"184 s. ; bibliogr. przy rozdz."
Vilnius : Diamond Scientific Publication, 2019;S. 415-420 - rys., summ., tab. - Bibliogr. 20 poz.
Sanok : Pañstwowa Wy¿sza Szko³a Zawodowa im. Jana Grodka w Sanoku : Polskie Towarzystwo Historyczne, oddzia³ w Sanoku, 2019;2019, nr 10 s. 31-33
"Hershey, Pennsylvania : IGI Global ; Business Science Reference, 2019";171 s.
Poznañ : Adam Mickiewicz University in Poznañ. Scientific Publisher of the Faculty of Political Science and Journalism, 2019;156 s. : rys., tab., za³., Bibliogr. 616 poz., s. 109-147
Poznañ : Adam Mickiewicz University in Poznañ. Scientific Publisher of the Faculty of Political Science and Journalism, 2019;S. 99-109
Katowice : Wydawnictwo Uniwersytetu Œl¹skiego, 2019;S. 31-39 - summ. - Bibliogr. 14 poz.
Warszawa : Difin, 2019;213 s. : rys., tab., Bibliogr. 391 poz., s. 187-210
"Hershey, Pennsylvania : IGI Global ; Business Science Reference, 2019";2019, Vol. 159 s. 2616-2628 - rys., tab. - Summ. - Bibliogr. 56 poz.
Warszawa : CeDeWu, 2019;S. 23-36 - tab.
Warszawa : Wydawnictwo C.H. Beck, 2019;177 s. : il.
Czêstochowa : Wydawnictwo Politechniki Czêstochowskiej, 2019;S. 11-22 - tab.
Rzeszów : Oficyna Wydawnicza Politechniki Rzeszowskiej, 2019;318 s.
Wroc³aw : Uniwersytet Ekonomiczny we Wroc³awiu, 2019;2019, nr 1(43) s. 15-29 - rys., tab. - Streszcz., summ. - Bibliogr. 21 poz.
S³upsk : Mateusz Weiland Network Solutions, 2019;2019, z. 137 s. 167-183 - summ. - Bibliogr. 107 poz.
Rzeszów : Oficyna Wydawnicza Politechniki Rzeszowskiej, 2019;2019, nr 1 s. 2-8 - rys. - Streszcz., summ. - Bibliogr. 21 poz.
S³upsk : Mateusz Weiland Network Solutions, 2019;2019, R. 23, nr 1 s. 209-221 - rys., tab. - Streszcz., summ. - Bibliogr. 25 poz.
Wroc³aw : Uniwersytet Ekonomiczny we Wroc³awiu, 2019;S. 11-21 - rys., tab.
Warszawa : Wydawnictwo Naukowe Wydzia³u Zarz¹dzania Uniwersytetu Warszawskiego, 2019;144 s.
Warszawa : Wydawnictwo Naukowe Wydzia³u Zarz¹dzania Uniwersytetu Warszawskiego, 2019;S. 73-86 - rys., tab.
Warszawa : Wydawnictwo Naukowe Wydzia³u Zarz¹dzania Uniwersytetu Warszawskiego, 2019;S. 41-53 - rys., tab.
Katowice : Wydawnictwo Uniwersytetu Ekonomicznego w Katowicach, 2019;436 s. : il., tab., fot., nuty
Libuse Macakova : MELANDRIUM, 2019;S. 76-86 - rys., tab.
Gdañsk : Wydawnictwo Uniwersytetu Ekonomicznego w Katowicach, 2019;165 s., Bibliogr. po art.
Katowice : Wydawnictwo Uniwersytetu Ekonomicznego w Katowicach, 2019;S. 55-75 - rys., tab.
Warszawa : CeDeWu, 2019;284 s.
Gdañsk : Wydawnictwo Uniwersytetu Gdañskiego, 2019;2019, nr 389 s. 101-117 - rys., tab. - Streszcz., summ. - Bibliogr. 14 poz.
Herson : Vidavnictvo \;S. 81-108 - Bibliogr.
Herson : Vidavnictvo \;S. 99-107 - tab.
Katowice : Wydawnictwo Uniwersytetu Ekonomicznego w Katowicach, 2019;S. 87-98 - tab.
Gdañsk : Wydawnictwo Uniwersytetu Gdañskiego, 2019;117 s. : rys., tab., Bibliogr. po art.
Libuse Macakova : MELANDRIUM, 2019;2019, nr 389 s. 20-37 - tab. - Streszcz., summ. - Bibliogr. 24 poz.
Katowice : Wydawnictwo Uniwersytetu Ekonomicznego w Katowicach, 2019;S. 37-44 - tab.
Gdañsk : Wydawnictwo Uniwersytetu Gdañskiego, 2019;2019, nr 12 s. 58-62 - Streszcz., summ. - Bibliogr. 27 poz.
Katowice : Wydawnictwo Uniwersytetu Ekonomicznego w Katowicach, 2019;S. 279-289 - rys. - Bibliogr. 13 poz.
Cham : Springer International Publishing, 2019;S. 68-80
Katowice : Wydawnictwo Uniwersytetu Ekonomicznego w Katowicach, 2019;2019, t. 117 s. 61-77 - tab. - Streszcz. - Bibliogr. 22 poz.
Katowice : Wydawnictwo Uniwersytetu Œl¹skiego, 2019;S. 13-39 - rys., tab.
Poznañ : M³odzi Naukowcy, 2019;S. 40-67 - tab.
Poznañ : M³odzi Naukowcy, 2019;S. 493-503
Poznañ : M³odzi Naukowcy, 2019;S. 145-168 - rys., tab. - Bibliogr. 85 poz.
Poznañ : M³odzi Naukowcy, 2019;S. 125-141 - rys., tab. - Bibliogr. 68 poz.
Katowice : Wydawnictwo Uniwersytetu Œl¹skiego, 2019;636 s.
Poznañ : M³odzi Naukowcy, 2019;2019, nr 1 (95) s. 19-31 - Streszcz. - Bibliogr. 17 poz.
Warszawa : CeDeWu, 2019;2019, vol. 63, nr 8 s. 143-153 - Streszcz., summ. - Bibliogr. 35 poz.
Katowice : Wydawnictwo Uniwersytetu Ekonomicznego w Katowicach, 2019;S. 124-130 - summ. - Bibliogr. 17 poz.
Poznañ : M³odzi Naukowcy, 2019;S. 261-278 - rys., tab. - Bibliogr. 48 poz.
Katowice : Wydawnictwo Uniwersytetu Ekonomicznego w Katowicach, 2019;2019, nr 4 s. 21-24 - Streszcz., summ. - Bibliogr. 25 poz.
Poznañ : M³odzi Naukowcy, 2019;229 s.
Rome : Diamond Scientific Publication, 2019;S. 243-260 - rys. - Bibliogr. 46 poz.
Rome : Diamond Scientific Publication, 2019;S. 133-152 - rys., streszcz., summ., tab. - Bibliogr. 14 poz.
Sofia : STEF92 Technology, 2019;173 s. : rys., tab., Bibliogr. 143 poz., s. 167-173
Rome : Diamond Scientific Publication, 2019;2019, nr 1(51) s. 35-43 - rys. - Streszcz., summ. - Bibliogr. 30 poz.
Sofia : STEF92 Technology, 2019;"313 s. : rys., tab. ; Bibliogr. przy rozdz."
Katowice : Wydawnictwo Uniwersytetu Ekonomicznego w Katowicach, 2019;2019, vol. 20, iss. 3 s. 424-445 - rys., tab. - Bibliogr. 72 poz.
Katowice : Wydawnictwo Uniwersytetu Ekonomicznego w Katowicach, 2019;S. 81-113 - tab., summ.
Reading : Academic Conferences and Publishing International Limited, 2019;2019, vol. 51, iss. 31 s. 3389-3400 - tab. - Summ. - Bibliogr. 45 poz.
Katowice : Wydawnictwo Uniwersytetu Ekonomicznego w Katowicach, 2019;2019, nr 4 (2) s. 5-12 - rys. - Streszcz., summ.
Reading : Academic Conferences and Publishing International Limited, 2019;VI, 410 s.
Katowice : Publishing House of the University of Economics in Katowice, 2019;S. 301-313 - Bibliogr 26 poz.
Czêstochowa : Wydawnictwo Politechniki Czêstochowskiej, 2019;S. 291-299 - tab. - Bibliogr. 33 poz.
Cham : Springer, 2019;S. 13473-13488 - rys., summ. - Bibliogr. 22 poz.
Cham : Springer, 2019;2019, Vol. 6, No. 2 s. 76-88 - Summ. - Bibliogr. 94 poz.
Cham : Springer, 2019;2019, Vol. 13, issue 2 s. 81-88 - rys. - Summ. - Bibliogr. 20 poz.
Cham : Springer, 2019;S. 37-50 - tab. - Bibliogr. 37 poz.
Cham : Springer, 2019;2019, vol. 1, no. 340 s. 73-89 - rys. tab. - Streszcz., summ. - Bibliogr. 65 poz.
Cham : Springer, 2019;2019, t. 20, z. 2/1 s. 197-208 - tab. - Summ. - Bibliogr. 21 poz.
Czêstochowa : Wydawnictwo Politechniki Czêstochowskiej, 2019;2019, Vol. 6, No. 2 s. 22-31 - tab. - Summ. - Bibliogr. 23 poz.
Cham : Springer, 2019;2019, vol. 35, iss. 2 s. 193-203 - Bibliogr. 70 poz.
Cham : Springer, 2019;S. 180002-1-180002-4 - rys., tab. - Bibliogr. 10 poz.
Cham : Springer, 2019;2019, t. 20, z. 4/1 s. 191-207 - tab. - Summ. - Bibliogr. 34 poz.
Cham : Springer, 2019;S. 200-223 - summ. - Bibliogr. 15 poz.
Katowice : Publishing House of the University of Economics in Katowice, 2019;2019, vol. 18, iss. 1 s. 61-72 - Summ. - Bibliogr. 36 poz.
Katowice : Publishing House of the University of Economics in Katowice, 2019;2019, t. 20, z. 6/2 s. 53-67 - rys., tab. - Summ. - Bibliogr. 21 poz.
Katowice : Publishing House of the University of Economics in Katowice, 2019;S. 10869-10879 - rys., summ., tab. - Bibliogr. 35 poz.
Katowice : Publishing House of the University of Economics in Katowice, 2019;S. 12816-12822 - summ. - Bibliogr. 34 poz.
Katowice : Publishing House of the University of Economics in Katowice, 2019;2019, vol. 122 s. 218-230 - rys. - Summ. - Bibliogr. 16 poz.
Katowice : Publishing House of the University of Economics in Katowice, 2019;2019, t. 20, z. 6/2 s. 155-169 - tab. - Summ. - Bibliogr. 50 poz.
Warszawa : Wydawnictwo Poltext, 2019;2019, t. 20, z. 6/2 s. 139-152 - tab. - Summ. - Bibliogr. 17 poz.
Manoa : University of Hawai'i at Manoa, 2019;2019, t. 55, z. 2 s. 411-428 - Summ. - Bibliogr. 50 poz.
Manoa : University of Hawai'i at Manoa, 2019;S. 117-124 - Bibliogr. 12 poz.
Warszawa : CeDeWu, 2019;171 s. : rys., tab., Bibliogr. po art.
Warszawa : Wydawnictwo SGGW, 2019;285 s.
Katowice : Wydawnictwo AMPoligrafia, 2019;2019, vol. 11, iss. 3 (894) 20 s. - rys., tab. - Bibliogr. 98 poz.
Warszawa : Wydawnictwo SGGW, 2019;"328 s. : rys., tab. ; Bibliogr. przy rozdz."
Warszawa : Wydawnictwo C.H. Beck, 2019;"13952 s. ; Bibliogr. przy rozdz."
Cham : Springer Nature Switzerland, 2019;2019, vol. 164 s. 11-18 - rys., tab. - Summ. - Bibliogr. 31 poz.
Warszawa : Difin, 2019;S. 9-25 - rys., tab. - Bibliogr. 37 poz.
Cham : Springer Nature Switzerland, 2019;2019, t. 101 (157) s. 133-148 - rys., tab. - Streszcz., summ. - Bibliogr. 27 poz.
Cham : Springer Nature Switzerland, 2019;S. 91-107
Budapest : Obuda University Keleti Faculty of Business and Management, 2019;2019, vol. 23, no. 4 s. 80-95 - rys. - Streszcz., summ. - Bibliogr. 38 poz.
Warszawa : Wydawnictwo C.H. Beck, 2019;2019, no. 140 s. 351-364 - Summ. - Bibliogr. 34 poz.
Budapest : Obuda University Keleti Faculty of Business and Management, 2019;2019, no. 139 s. 575-586 - rys., tab. - Summ. - Bibliogr. 8 poz.
Katowice : Wydawnictwo Uniwersytetu Ekonomicznego w Katowicach, 2019;"354 s. : rys., tab. ; Bibliogr. przy rozdz."
Cham : Springer Nature Switzerland, 2019;2019, vol. 59, iss. 2 s. 116-126 - Bibliogr. 89 poz.
Budapest : Obuda University Keleti Faculty of Business and Management, 2019;2019, vol. 10, iss. 4 s. 589-602 - summ. - Bibliogr. 29 poz.
Poznañ : SportWin, 2019;S. 57-68 - summ. - Bibliogr. 15 poz.
Brno : Masaryk University, 2019;16 s. - rys., tab. - Bibliogr. 43 poz.
Brno : Masaryk University, 2019;S. 21-43 - rys., tab. - Bibliogr. 75 poz.
Varazdin : Varazdin Development and Entrepreneurship Agency, 2019;2019, nr 386 s. 122-134 - tab. - Streszcz., summ. - Bibliogr. 11 poz.
Lisbon : Study Centre for European Policy Studies (CEPS), 2019;2019, nr 386 s. 135-144 - Streszcz., summ. - Bibliogr. 16 poz.
Lisbon : Centre for Research in Political Science, International Relations and Security (CICPRIS), 2019;2019, nr 386 s. 95-107 - tab. - Streszcz., summ. - Bibliogr. 21 poz.
Lisbon : Fundacao para a Ciencia e a Tecnologia (FCT), 2019;2019, nr 386 s. 108-121 - tab. - Streszcz., summ. - Bibliogr. 35 poz.
Aveiro : The Research Unit on Governance, Competitiveness and Public Policies (GOVCOPP), 2019;2019, vol. 63, nr 5 s. 19-28 - tab. - Streszcz., summ. - Bibliogr. 10 poz.
Koprivnica : University North, 2019;"210 s. ; Bibliogr. przy rozdz."
Warsaw : Faculty of Management University of Warsaw, 2019;2019, vol. 63, nr 5 s. 78-89 - tab. - Streszcz., summ. - Bibliogr. 24 poz.
Rabat : Faculty of Law, Economics and Social Sciences Sale - Mohammed V University in Rabat, 2019;S. 45-54 - rys., tab. - Bibliogr. 10 poz.
Brno : Masaryk University, 2019;2019, nr 23 (2) s. 9-22 - rys., tab. - Streszcz., summ. - Bibliogr. 15 poz.
Varazdin : Varazdin Development and Entrepreneurship Agency, 2019;224 s. : rys., tab., Bibliogr. 306 poz.
Lisbon : Study Centre for European Policy Studies (CEPS), 2019;338 s.
Lisbon : Centre for Research in Political Science, International Relations and Security (CICPRIS), 2019;2019, Nr 2 s. 49-59 - Streszcz., summ. - Bibliogr. 12 poz.
Lisbon : Fundacao para a Ciencia e a Tecnologia (FCT), 2019;2019, Vol. 20, No. 4 s. 153-166 - tab. - Summ. - Bibliogr. 40 poz.
Aveiro : The Research Unit on Governance, Competitiveness and Public Policies (GOVCOPP), 2019;182 s. : tab., Bibliogr. 279 spoz., s. 163-176
Koprivnica : University North, 2019;2019, vol. 7, no. 3 s. 120-125 - rys., tab. - Summ. - Bibliogr. 18 poz.
Warsaw : Faculty of Management University of Warsaw, 2019;2019, Vol. 20, iss. 3 s. 9-19 - tab. - Streszcz., summ. - Bibliogr. 16 poz.
Rabat : Faculty of Law, Economics and Social Sciences Sale - Mohammed V University in Rabat, 2019;298 s. : rys., tab., Bibliogr. 285 poz.
Kazan : Izdatel'stvo Kazanskogo Universiteta, 2019;S. 79-93
Katowice : Wydawnictwo Uniwersytetu Ekonomicznego w Katowicach, 2019;2019, Vol. 14, Issue 4 s. 742-749 - tab. - Summ. - Bibliogr. 31 poz.
Varazdin : Varazdin Development and Entrepreneurship Agency, 2019;2019, Vol. 38(4) s. 67-88 - tab. - Summ. - Bibliogr. 53 poz.
London : Pearson College London, 2019;269 s.
Koprivnica : University North, 2019;116 s.
Warsaw : Faculty of Management University of Warsaw, 2019;552 s. : rys., tab. + Streszcz., summ.
Rabat : Faculty of Law, Economics and Social Sciences Sale - Mohammed V University in Rabat, 2019;S. 20-32
Kazan : Izdatel'stvo Kazanskogo Universiteta, 2019;S. 104-114 - rys., streszcz., summ. - Bibliogr. 12 poz.
D¹browa Górnicza : Wydawnictwo Naukowe Akademii WSB, 2019;S. 36-43 - Bibliogr. 17 poz.
Katowice : Polskie Towarzystwo Ekonomiczne w Katowicach, 2019;2019, T. 66, nr 2 s. 157-164 - fot.
Poznañ : SportWin, 2019;17 s. - summ. - Bibliogr. 51 poz.
Bratislava : Vydavate'lstvo EKONÓM, University of Economics in Bratislava, 20119;2019, nr 385 s. 37-49 - tab. - Streszcz., summ. - Bibliogr. 22 poz.
D¹browa Górnicza : Wydawnictwo Naukowe Akademii WSB, 2019;2019, nr 386 s. 62-71 - rys., tab. - Streszcz., summ. - Bibliogr. 16 poz.
Katowice : Polskie Towarzystwo Ekonomiczne w Katowicach, 2019;2019, nr 386 s. 72-83 - tab. - Streszcz., summ. - Bibliogr. 30 poz.
Cham : Springer, 2019;2019, nr 386 s. 40-51 - rys. - Streszcz., summ. - Bibliogr. 22 poz.
Bratislava : Vydavate'lstvo EKONÓM, University of Economics in Bratislava, 2019;2019, nr 386 s. 52-61 - tab. - Streszcz., summ. - Bibliogr. 18 poz.
Cham : Springer, 2019;2019, nr 386 s. 20-29 - tab. - Streszcz., summ. - Bibliogr. 8 poz.
D¹browa Górnicza : Wydawnictwo Naukowe Akademii WSB, 2019;2019, nr 386 s. 30-39 - tab. - Streszcz., summ. - Bibliogr. 10 poz.
Katowice : Polskie Towarzystwo Ekonomiczne w Katowicach, 2019;S. 313-333 - rys., tab., streszcz., summ. - Bibliogr. 35 poz.
Cham : Springer, 2019;2019, nr 385 s. 129-139 - tab. - Streszcz., summ. - Bibliogr. 40 poz.
Sofia : Monetary Research Center, 2019;"478 s. : rys., tab. ; bibliogr. przy rozdz."
Sofia : Monetary Research Center, 2019;2019, nr 386 s. 7-19 - tab. - Streszcz., summ. - Bibliogr. 11 poz.
D¹browa Górnicza : Wydawnictwo Naukowe Akademii WSB, 2019;2019, nr 385 s. 50-60 - Streszcz., summ. - Bibliogr. 19 poz.
Katowice : Polskie Towarzystwo Ekonomiczne w Katowicach, 2019;S. 251-270 - tab., streszcz., summ. - Bibliogr. 47 poz.
D¹browa Górnicza : Wydawnictwo Naukowe Akademii WSB, 2019;S. 86-110 - Bibliogr. 47 poz.
Katowice : Polskie Towarzystwo Ekonomiczne w Katowicach, 2019;S. 1319-1328 - rys., tab. - Bibliogr. 15 poz.
Gdañsk : Wydawnictwo Uniwersytetu Gdañskiego, 2019;2019, vol. 7, iss. 1 s. 102-126 - rys., tab. - Summ. - Bibliogr. 58 poz.
Katowice : Wydawnictwo Uniwersytetu Ekonomicznego w Katowicach, 2019;2019, nr 3 - rys., tab. - Bibliogr. 37 poz.
Gdañsk : Wydawnictwo Uniwersytetu Gdañskiego, 2019;188 s. : rys., tab., Bibliogr. po rozdz.
Katowice : Wydawnictwo Uniwersytetu Ekonomicznego w Katowicach, 2019;2019, vol. 9, iss. 22 s. 104-114 - Summ. - Bibliogr. 13 poz.
Katowice : Wydawnictwo Uniwersytetu Ekonomicznego w Katowicach, 2019;S. 111-124 - rys., tab.
Warszawa : Wydawnictwo Sejmowe, 2019;2019, vol. 73, iss. 1-2 (324-325) s. 182-193 - il.
Katowice : Wydawnictwo Uniwersytetu Ekonomicznego w Katowicach, 2019;292 s. : rys., tab., Bibliogr. 284 poz., s. 287-292
Czestochowa : Wydawnictwo Politechniki Czêstochowskiej, 2019;2019, nr 48 s. 72
Warszawa : Wydawnictwo Sejmowe, 2019;2019, nr 33 s. 11-32 - Bibliogr. 71 poz.
Lublin : Wydawnictwo Uniwersytetu Marii Curie-Sk³odowskiej, 2019;S. 175-188 - rys., tab., streszcz., summ. - Bibliogr. 15 poz.
Katowice : Wydawnictwo Uniwersytetu Ekonomicznego w Katowicach, 2019;S. 48-53 - tab.
Lublin : Wydawnictwo Uniwersytetu Marii Curie-Sk³odowskiej, 2019;2019, nr 48 s. 67
Katowice : Wydawnictwo Uniwersytetu Ekonomicznego w Katowicach, 2019;100 s.
Katowice : Wydawnictwo Uniwersytetu Ekonomicznego w Katowicach, 2019;S. 48-85 - rys., tab. - Bibliogr. 77 poz.
Katowice : Wydawnictwo Uniwersytetu Ekonomicznego w Katowicach, 2019;S. 137-158 - tab., streszcz., summ. - Bibliogr. 16 poz.
Katowice : Wydawnictwo Uniwersytetu Ekonomicznego w Katowicach, 2019;4 s.
Katowice : Wydawnictwo Uniwersytetu Ekonomicznego w Katowicach, 2019;"1756 s. ; Bibliogr. przy rozdz."
Varazdin : Varazdin Development and Entrepreneurship Agency, 2019;237 s. : rys., tab., Bibliogr. 472 poz., s. 209-235
London : Pearson College London, 2019;S. 55-70 - streszcz., summ. - Bibliogr. 21 poz.
Koprivnica : University North, 2019;S. 75-85 - rys., tab.
Warsaw : Faculty of Management University of Warsaw, 2019;"159 s. : Rys. ; Bibliogr. przy rozdz."
Rabat : Faculty of Law, Economics and Social Sciences Sale - Mohammed V University in Rabat, 2019;2019 s. 12-19 - summ. - Bibliogr. 20 poz.
"Toruñ : Cracow University of Economics ; Towarzystwo Naukowe Organizacji i Kierownictwa - Stowarzyszenie Wy¿szej U¿ytecznoœci \";2019 s. 238-248 - summ. - Bibliogr. 26 poz.
Varazdin : Varazdin Development and Entrepreneurship Agency, 2019;S. 137-142 - rys., tab.
London : Pearson College London, 2019;2019, vol. 9, iss. 22 s. 76-85 - tab. - Summ. - Bibliogr. 14 poz.
Koprivnica : University North, 2019;S. 111-124 - summ.
Warsaw : Faculty of Management University of Warsaw, 2019;2019, nr 8 s. 11-24 - summ.
Rabat : Faculty of Law, Economics and Social Sciences Sale - Mohammed V University in Rabat, 2019;S. 131-136 - Bibliogr. 13 poz.
Katowice : Wydawnictwo Uniwersytetu Ekonomicznego w Katowicach, 2019;148 s.
Poznañ : Wydawnictwo Proksenia, 2019;2019, nr 8 s. 25-38 - rys., tab. - summ.
£ódŸ : Wydawnictwo Uniwersytetu £ódzkiego, 2019;2019, nr 4 (87) s. 88-100 - tab. - Bibliogr. 25 poz.
"Toruñ : Cracow University of Economics ; Towarzystwo Naukowe Organizacji i Kierownictwa - Stowarzyszenie Wy¿szej U¿ytecznoœci \";S. 41-47 - rys. - Bibliogr. 10 poz.
Katowice : Wydawnictwo Uniwersytetu Ekonomicznego w Katowicach, 2019;2019, nr 4 (87) s. 163-165 - fot.
Poznañ : Wydawnictwo Proksenia, 2019;S. 124-130 - rys. - Bibliogr. 13 poz.
Poznañ : Wydawnictwo Proksenia, 2019;303 s.
Katowice : Wydawnictwo Uniwersytetu Ekonomicznego w Katowicach, 2019;S. 35-40 - Bibliogr. 16 poz.
£ódŸ : Wydawnictwo Uniwersytetu £ódzkiego, 2019;222 s. : rys., tab., Bibliogr. 228 poz., s. 205-216
Varazdin : Varazdin Development and Entrepreneurship Agency, 2019;S. 13-47 - Bibliogr. 84 poz.
London : Pearson College London, 2019;153 s.
Koprivnica : University North, 2019;244 s. : rys., tab., Bibliogr. 296 poz., s. 205-235
Warsaw : Faculty of Management University of Warsaw, 2019;S. 46-52 - rys., tab. - Bibliogr. 8 poz.
Rabat : Faculty of Law, Economics and Social Sciences Sale - Mohammed V University in Rabat, 2019;2019, nr 380 s. 67-78 - Streszcz., summ. - Bibliogr. 13 poz.
Kraków : Ko³o Naukowe Systemów Komunikacyjnych Politechniki Krakowskiej im. T. Koœciuszki, 2019;11 s. - summ. - Bibliogr. 25 poz.
Warszawa : Urz¹d Komisji Nadzoru Finansowego, 2019;2019, nr 380 s. 7-16 - rys., tab. - Streszcz., summ. - Bibliogr. 15 poz.
Katowice : Wydawnictwo Uniwersytetu Ekonomicznego w Katowicach, 2019;2019, t. 20, z. 10 s. 145-156 - Summ. - Bibliogr. 20 poz.
Kraków : Ko³o Naukowe Systemów Komunikacyjnych Politechniki Krakowskiej im. T. Koœciuszki, 2019;2019, t. 20, z. 10 s. 99-110 - tab. - Summ. - Bibliogr. 15 poz.
Katowice : Wydawnictwo Uniwersytetu Ekonomicznego w Katowicach, 2019;13 s. - summ., tab. - Bibliogr. 23 poz.
Katowice : Wydawnictwo Uniwersytetu Ekonomicznego w Katowicach, 2019;2019, vol. 11, iss. 2 (412) s. 18 s. - rys., tab. - Bibliogr. 62 poz.
Katowice : Wydawnictwo Uniwersytetu Ekonomicznego w Katowicach, 2019;2019, nr 6 s. 16-22 - rys., tab. - Streszcz. - Bibliogr. 26 poz.
Katowice : Wydawnictwo Uniwersytetu Ekonomicznego w Katowicach, 2019;2019, vol. 39, no. 1 s. 29-44 - tab. - Bibliogr. 39 poz.
Katowice : Wydawnictwo Uniwersytetu Ekonomicznego w Katowicach, 2019;S. 483-491 - tab. - Bibliogr. 15 poz.
Kazan : Izdatel'stvo Kazanskogo Universiteta, 2019;S. 20-66
Varazdin : Varazdin Development and Entrepreneurship Agency, 2019;S. 9-19
London : Pearson College London, 2019;S. 732-739 - rys., summ., tab. - Bibliogr. 37 poz.
Koprivnica : University North, 2019;2019, nr 14 (3) s. 243-254 - rys., tab. - Streszcz., summ. - Bibliogr. 16 poz.
Warsaw : Faculty of Management University of Warsaw, 2019;268 s. : rys., za³.
Rabat : Faculty of Law, Economics and Social Sciences Sale - Mohammed V University in Rabat, 2019;"1268 s. (vol. 1 i 2) ; Bibliogr. przy rozdz."
Katowice : Wydawnictwo Uniwersytetu Ekonomicznego w Katowicach, 2019;2019, nr 380 s. 104-113 - Streszcz., summ. - Bibliogr. 30 poz.
Barcelona : Institute for Sustainability Science and Technology (ISST-UPC) Universitat Politecnica de CatalunyaBarcelonaTech, 2019;2019, nr 380 s. 127-139 - rys. - Streszcz., summ. - Bibliogr. 18 poz.
Lviv : Lvivskiy Nacionalnyi Universitet imeni Ivana Franka, 2019;2019, vol. 4, iss. 3 10 s. (nr 125) - tab. - Summ. - Bibliogr. 25 poz.
Katowice : Wydawnictwo Uniwersytetu Ekonomicznego w Katowicach, 2019;177 s. : rys., tab., Bibliogr. po rozdz.
Cham : Springer, 2019;2019, vol. 141, iss. 2 s. 861-871 - rys., tab. - Bibliogr. 17 poz.
Wroc³aw : Wydawnictwo Uniwersytetu Ekonomicznego we Wroc³awiu, 2019;2019, t. 20, z. 10 s. 171-187 - rys., tab. - Summ. - Bibliogr. 34 poz.
Lviv : Lvivskiy Nacionalnyi Universitet imeni Ivana Franka, 2019;2019, t. 20, z. 10 s. 157-169 - Summ. - Bibliogr. 24 poz.
Katowice : Wydawnictwo Uniwersytetu Ekonomicznego w Katowicach, 2019;2019, Vol. 98, iss. 6 s. 2391-2424 - rys., tab. - Summ. - Bibliogr. 66 poz.
Katowice : Wydawnictwo Uniwersytetu Ekonomicznego w Katowicach, 2019;S. 241-252 - Streszcz., summ. - Bibliogr. 70 poz.
Katowice : Wydawnictwo Uniwersytetu Ekonomicznego w Katowicach, 2019;S. 3-16 - rys., summ., tab. - Bibliogr. 16 poz.
Cham : Springer, 2019;2019, vol. 7, no. 1 s. 525-539 - rys., tab. - Summ. - Bibliogr. 60 poz.
Katowice : Wydawnictwo Uniwersytetu Ekonomicznego w Katowicach, 2019;"702 s. ; Bibliogr. przy rozdz."
Katowice : Wydawnictwo Uniwersytetu Ekonomicznego w Katowicach, 2019;S. 422-433 - rys., summ., tab. - Bibliogr. 27 poz.
Lublin : Wydawnictwo Uniwersytetu Marii Curie-Sk³odowskiej, 2019;"449 s. : rys., summ., tab. ; Bibliogr. przy rozdz."
Czestochowa : Wydawnictwo Politechniki Czêstochowskiej, 2019;S. 122-132 - rys., summ., tab. - Bibliogr. 27 poz.
Kraków : AGH University of Science and Technology Press, 2019;S. 145-154 - rys. summ., tab. - Bibliogr. 15 poz.
Amsterdam : Elsevier, 2019;394 s.
Kraków : AGH University of Science and Technology Press, 2019;312 s.
Cham : Springer, 2019;S. 13-23 - rys., tab. - Bibliogr. 30 poz.
Amsterdam : Elsevier, 2019;S. 53-71 - rys., tab. - Bibliogr. 46 poz.
Barcelona : Institute for Sustainability Science and Technology (ISST-UPC) Universitat Politecnica de Catalunya, 2019;773 s.
Rzeszów : Wydawnictwo Uniwersytetu Rzeszowskiego, 2019;"119 s. : rys., tab. ; Bibliogr. przy rozdz."
Barcelona : Institute for Sustainability Science and Technology (ISST-UPC) Universitat Politecnica de Catalunya, 2019;2019, vol. 11, iss. 16 20 s. - Summ. - Bibliogr. 118 poz.
Bucharest : Editura Economica, 2019;S. 68-77 - rys., tab. - Bibliogr. 18 poz.
Barcelona : Institute for Sustainability Science and Technology (ISST-UPC) Universitat Politecnica de CatalunyaBarcelonaTech, 2019;S. 56-67 - rys., tab. - Bibliogr. 15 poz.
Cham : Springer, 2019;S. 103-118 - rys., tab. - Bibliogr. 11 poz.
Barcelona : Institute for Sustainability Science and Technology (ISST-UPC) Universitat Politecnica de Catalunya, 2019;S. 92-102 - rys., tab. - Bibliogr. 24 poz.
Rzeszów : Wydawnictwo Uniwersytetu Rzeszowskiego, 2019;S. 5-19 - rys., tab. - Bibliogr. 14 poz.
Bucharest : Editura Economica, 2019;S. 20-30 - rys., tab. - Bibliogr. 18 poz.
Split : University College of Inspection and Personnel Management in Split, 2019;10 s. - rys., tab. - Bibliogr. 64 poz.
Zapresic : The University of Applied Sciences Baltazar, 2019;2019, vol. 11, iss. 1 (291) 30 s. - summ. - Bibliogr. 50 poz.
Koprivnica : University North, 2019;2019, vol. 24, iss. 4 s. 445-468 - Bibliogr. 172 poz.
Warsaw : Faculty of Management University of Warsaw, 2019;2019, nr 387 s. 35-54 - rys., tab. - Streszcz., summ. - Bibliogr. 36 poz.
Rabat : Faculty of Law, Economics and Social Sciences Sale - Mohammed V University in Rabat, 2019;2019, vo. 27, iss. 3 s. 625-651 - rys., tab. - Summ. - Bibliogr. 60 poz.
Varazdin : Varazdin Development and Entrepreneurship Agency, 2019;2019, nr 387 s. 101-114 - rys., tab. - Streszcz., summ. - Bibliogr. 19 poz.
Split : University College of Inspection and Personnel Management in Split, 2019;2019, vol. 19, no. 1 s. 98-109 - rys., tab. - Streszcz., summ. - Bibliogr. 8 poz.
Zapresic : The University of Applied Sciences Baltazar, 2019;2019, nr 387 s. 20-34 - tab. - Streszcz., summ. - Bibliogr. 32 poz.
Koprivnica : University North, 2019;2019, vol. 33, iss. 2 s. 220-232 - Bibliogr. 61 poz.
Warsaw : Faculty of Management University of Warsaw, 2019;330 s. : rys., tab., za³., Bibliogr. 243 poz., s. 283-294
Rabat : Faculty of Law, Economics and Social Sciences Sale - Mohammed V University in Rabat, 2019;2019, nr 3 s. 1-7 - rys., tab. - Streszcz., summ. - Bibliogr. 15 poz.
Varazdin : Varazdin Development and Entrepreneurship Agency, 2019;S. 51-60 - summ., tab. - Bibliogr. 22 poz.
Zapresic : The University of Applied Sciences Baltazar, 2019;S. 17-27 - summ., tab. - Bibliogr. 23 poz.
Koprivnica : University North, 2019;2019, nr 14 (2) s. 179-194 - rys., tab. - Summ. - Bibliogr. 20 poz.
Warsaw : Faculty of Management University of Warsaw, 2019;2019, nr 53 s. 227-262 - tab. - Streszcz., summ. - Bibliogr. 51 poz.
Rabat : Faculty of Law, Economics and Social Sciences Sale - Mohammed V University in Rabat, 2019;S. 201-211 - rys., summ.
Varazdin : Varazdin Development and Entrepreneurship Agency, 2019;2019, vol. 2019 Article ID 5629259 (10 s.) - rys. - Bibliogr. 38 poz.
Split : University College of Inspection and Personnel Management in Split, 2019;2019, nr 136 s. 609-618 - rys., tab. - Summ. - Bibliogr. 20 poz.
Zapresic : The University of Applied Sciences Baltazar, 2019;S. 319-328 - rys., summ., tab. - Bibliogr. 29 poz.
Koprivnica : University North, 2019;170 s. : rys., tab., Bibliogr. s. 159
Warsaw : Faculty of Management University of Warsaw, 2019;S. 214-234 - rys., summ., tab. - Bibliogr. 53 poz.
Rabat : Faculty of Law, Economics and Social Sciences Sale - Mohammed V University in Rabat, 2019;2019, vol. 13, iss. 1 s. 1-11 - tab. - Summ. - Bibliogr. 35 poz.
Katowice : Wydawnictwo Uniwersytetu Ekonomicznego w Katowicach, 2019;2019, vol. 14 s. 119-143 - rys., tab. - Summ. - Bibliogr. 72 poz.
Warszawa : CeDeWu, 2019;S. 409-424 - rys., summ., tab. - Bibliogr. 32 poz.
Poznañ : Wydawnictwo Uniwersytetu Ekonomicznego w Poznaniu, 2019;S. 248-251 - Bibliogr. 6 poz.
Gdañsk : Wydawnictwo Uniwersytetu Gdañskiego, 2019;267 s. : tab., Bibliogr. 276 poz.
Opole : Wy¿sza Szko³a Zarz¹dzania i Administracji w Opolu, 2019;S. 1-7 - rys., tab. - Bibliogr. 40 poz.
Warszawa : Wydawnictwo Naukowe Wydzia³u Zarz¹dzania Uniwersytetu Warszawskiego, 2019;S. 319-335 - summ., tab. - Bibliogr. 35 poz.
Worone¿ : Woronezskij Gosudarstvennyj Pedagogiceskij Universitet, 2019;2019, vol. 13, iss. 1 s. 62-71 - tab. - Summ. - Bibliogr. 38 poz.
Toulon : ISEN Yncréa Méditerranée, 2019;S. 95-102 - Bibliogr. 13 poz.
Katowice : Wydawnictwo Uniwersytetu Ekonomicznego w Katowicach, 2019;2019, nr 53 s. 103-128 - rys., tab. - Streszcz., summ. - Bibliogr. 71 poz.
Opole : Wy¿sza Szko³a Zarz¹dzania i Administracji w Opolu, 2019;"235 s. ; Bibliogr. przy rozdz."
Warszawa : Wydawnictwo C.H. Beck, 2019;2019, Vol. 11 s. 22-31 - tab. - Summ. - Bibliogr. 28 poz.
Katowice : Wydawnictwo Uniwersytetu Ekonomicznego w Katowicach, 2019;"506 s. : rys., tab. ; Bibliogr. przy rozdz."
Alanya : Alanya Alaaddin Keykubat University, 2019;2019, vol. 31, nr 1 s. 75-80 - Summ. - Bibliogr. 17 poz.
Katowice : Wydawnictwo Uniwersytetu Ekonomicznego w Katowicach, 2019;2019, vol. 5, iss. 7 nr art. e01970 - rys., tab. - Bibliogr. 86 poz.
Warszawa : CeDeWu, 2019;2019, t. 27, nr 1 s. 77-95 - Streszcz., summ. - Bibliogr. 36 poz.
Alanya : Alanya Alaaddin Keykubat University, 2019;2019, vol. 20, iss. 4 s. 147-170 - tab. - streszcz., summ. - Bibliogr. 36 poz.
Warszawa : Wydawnictwo Naukowe Scholar, 2019;2019, t. 55, z. 2 s. 373-392 - rys. - Summ. - Bibliogr. 62 poz.
Alanya : Alanya Alaaddin Keykubat University, 2019;S. 44-45
Vilnius : Diamond Scientific Publication, 2019;79 s.
Vilnius : Diamond Scientific Publication, 2019;S. 173-186
Vilnius : Vilnius Gediminas Technical University, 2019;S. 282-289 - rys., tab. - Bibliogr. 20 poz.
Vilnius : VGTU Press \;S. 37-38
Singapore : Palgrave Macmillan, 2019;2019, vol. 11, no. 1 s. 74-84 - rys., tab. - Streszcz., summ. - Bibliogr. 40 poz.
Vilnius : Diamond Scientific Publication, 2019;S. 25-26
Vilnius : Diamond Scientific Publication, 2019;S. 603-609 - rys., tab. - Bibliogr. 12 poz.
Singapore : Palgrave Macmillan, 2019;"576 s. ; Bibliogr. przy rozdz."
Olsztyn : Institute of Economic Research, 2019;2019, vol. 2, iss. 4 s. 57-65 - rys., tab. - Summ. - Bibliogr. 11 poz.
Warszawa : Wydawnictwo C.H. Beck, 2019;2019, vol. 2, no. 3 s. 24-35 - rys., tab. - Summ. - Bibliogr. 14 poz.
Olsztyn : Institute of Economic Research, 2019;S. 418-425 - rys. - Bibliogr. 15 poz.
Olsztyn : Institute of Economic Research, 2019;S. 47-48
Kraków : Wydawnictwo Uniwersytetu Jagielloñskiego, 2019;S. 327-343 - summ., tab. - Bibliogr. 44 poz.
Katowice : Wydawnictwo Uniwersytetu Ekonomicznego w Katowicach, 2019;604 s.
Olsztyn : Institute of Economic Research, 2019;"373 s. : rys., summ., tab. ; Bibliogr. przy rozdz."
Warszawa : CeDeWu, 2019;S. 301-305
Olsztyn : Institute of Economic Research, 2019;2019, vol. 63, nr 2 s. 81-90 - rys. - Streszcz., summ. - Bibliogr. 17 poz.
Katowice : Wydawnictwo Uniwersytetu Ekonomicznego w Katowicach, 2019;S. 17
Kraków : Wydawnictwo Uniwersytetu Jagielloñskiego, 2019;51 s.
Katowice : Wydawnictwo Uniwersytetu Ekonomicznego w Katowicach, 2019;S. 23-36 - tab.
Katowice : Wydawnictwo Uniwersytetu Ekonomicznego w Katowicach, 2019;2019, no. 1 (184) s. 9-21 - rys. - Streszcz., summ. - Bibliogr. 48 poz.
Katowice : Wydawnictwo Uniwersytetu Ekonomicznego w Katowicach, 2019;"367 s. ; Bibliogr. przy rozdz."
Olsztyn : Institute of Economic Research, 2019;S. 59-81 - rys.
Vilnius : Vilnius Gediminas Technical University, 2019;"653 s. ; Bibliogr. przy rozdz."
Vilnius : VGTU Press \;S. 306-316 - rys., summ., tab. - Bibliog. 32 poz.
Katowice : Wydawnictwo Uniwersytetu Ekonomicznego w Katowicach, 2019;S. 93-102 - Bibliogr. 25 poz.
Reading : Academic Conferences and Publishing International Limited, 2019;S. 37-48 - rys.
Toulon : ISEN Yncréa Méditerranée, 2019;2019, nr 62 s. 40-41
Katowice : Wydawnictwo Uniwersytetu Ekonomicznego w Katowicach, 2019;2019, nr 57 s. 270-278 - Streszcz., summ.
Katowice : Wydawnictwo Uniwersytetu Œl¹skiego, 2019;2019, nr 57 s. 259-269 - Streszcz., summ. - Bibliogr. 27 poz.
Katowice : Wydawnictwo Uniwersytetu Ekonomicznego w Katowicach, 2019;2019, vol. 110 s. 232-252 - tab. - Streszcz., summ. - Bibliogr. 22 poz.
Reading : Academic Conferences and Publishing International Limited, 2019;S. 103-116 - Bibliogr. 14 poz.
Olsztyn : Institute of Economic Research, 2019;2019, t. 20, z. 1/1 s. 273-287 - tab. - Summ. - Bibliogr. 30 poz.
Katowice : Wydawnictwo Uniwersytetu Ekonomicznego w Katowicach, 2019;S. 83-101
Varazdin : Varazdin Development and Entrepreneurship Agency, 2019;S. 113-130 - streszcz., summ.
Buenos Aires : Facultad de Ciencias Economicas, Universidad de Buenos Aires, 2019;2019, vol. 28, no. 2 s. 5-21 - tab. - Santrauka, summ. - Bibliogr. 52 poz.
Warsaw : Faculty of Management University of Warsaw, 2019;204 s.
Belgrade : University of Belgrade, Faculty of Organizational Sciences, 2019;2019, Vol. 9, no. 1 s. 32-46 - tab. - Streszcz. w jêz. s³owackim, summ. - Bibliogr. 39 poz.
Ljubljana : Slovenian Society Informatika, Section for Operational Research, 2019;S. 88-94
Cham : Springer, 2019;168 s., Bibliogr. 121 poz.
Ljubljana : Slovenian Society Informatika, Section for Operational Research, 2019;2019, vol. 63, nr 12 s. 77-87 - tab. - Streszcz., summ. - Bibliogr. 17 poz.
Cham : Springer, 2019;225 s. : rys., tab., Bibliogr. 289 poz., s. 205-218
Cham : Springer, 2019;"111 s. : rys., tab. ; bibliogr. s. 98-108"
Ljubljana : Slovenian Society Informatika, Section for Operational Research, 2019;S. 15-30 - rys., summ.
Cham : Springer, 2019;S. 171-181
Varazdin : Varazdin Development and Entrepreneurship Agency, 2019;2019, nr 378 s. 111-120 - Streszcz., summ. - Bibliogr. 22 poz.
Buenos Aires : Facultad de Ciencias Economicas, Universidad de Buenos Aires, 2019;S. 75-87 - rys.
Koprivnica : University North, 2019;S. 32-40
Warsaw : Faculty of Management University of Warsaw, 2019;2019, nr 378 s. 99-110 - tab. - Streszcz., summ. - Bibliogr. 21 poz.
Rabat : Economics and Social Sciences Sale - Mohammed V University in Rabat, 2019;S. 25-43 - tab.
Olsztyn : Institute of Economic Research, 2019;S. 11-24 - tab.
Warszawa : Oficyna Wydawnicza SGH - Szko³a G³ówna Handlowa w Warszawie, 2019;S. 196-204 - rys., summ., tab. - Bibliogr. 12 poz.
Warszawa : Wydawnictwo C.H. Beck, 2019;253 s. : rys., tab., Bibliogr. 298 poz.
Opole : Wy¿sza Szko³a Zarz¹dzania i Administracji w Opolu, 2019;S. 241-253 - streszcz., summ., tab. - Bibliogr. 23 poz.
Warszawa : Wydawnictwo C.H. Beck, 2019;S. 301-308 - Bibliogr. 17 poz.
Warszawa : Wydawnictwo C.H. Beck, 2019;140 s.
Olsztyn : Institute of Economic Research, 2019;S. 111-122 - streszcz., summ., tab. - Bibliogr. 11 poz.
Warszawa : Wydawnictwo Naukowe PWN, 2019;411 s.
Olsztyn : Institute of Economic Research, 2019;S. 115-124
Warszawa : CeDeWu, 2019;S. 122-127 - summ. - Bibliogr. 30 poz.
Olsztyn : Institute of Economic Research, 2019;S. 46-56 - rys., streszcz., summ., tab.
Warszawa : Oficyna Wydawnicza SGH - Szko³a G³ówna Handlowa w Warszawie, 2019;143 s. : rys., tab., Bibliogr. 232, s. 132-139
Kraków : Instytut Dziennikarstwa, Mediów i Komunikacji Spo³ecznej Uniwersytetu Jagielloñskiego, 2019;"56 s. ; bibliogr. przy rozdz."
Nowy Targ : Wydawnictwo ToC, 2019;S. 78-109 - rys., tab.
Gdañsk : Wydawnictwo Uniwersytetu Gdañskiego, 2019;S. 44-77 - tab.
Gdañsk : Wydawnictwo Uniwersytetu Gdañskiego, 2019;S. 133-146 - tab.
Warszawa : Wydawnictwo C.H. Beck, 2019;S. 110-132 - tab.
Kraków : Instytut Dziennikarstwa, Mediów i Komunikacji Spo³ecznej Uniwersytetu Jagielloñskiego, 2019;S. 352-356
Nowy Targ : Wydawnictwo ToC, 2019;S. 352-357 - summ., tab. - Bibliogr. 10 poz.
Warszawa : Wydawnictwo C.H. Beck, 2019;2019, nr 7 s. 22-31 - tab. - Summ. - Bibliogr. 41 poz.
Trnava : Faculty of Mass Media Communication, University of Ss. Cyril and Methodius in Trnava, 2019;S. 197-247
Czêstochowa : Wydawnictwo Politechniki Czêstochowskiej, 2019;S. 271-275 - tab. - Bibliogr. 15 poz.
Gdañsk : Wydawnictwo Uniwersytetu Gdañskiego, 2019;S. 193-199
"Katowice ; Warszawa : Instytut Pamiêci Narodowej - Komisja Œcigania Zbrodni przeciwko Narodowi Polskiemu, 2019";S. 184-196
Ljubljana : Slovenian Society Informatika, Section for Operational Research, 2019;S. 177-188 - rys., summ., tab. - Bibliogr. 30 poz.
Trnava : Faculty of Mass Media Communication, University of SS. Cyril and Methodius in Trnava, Slovakia, 2019;307 s.
Trnava : Faculty of Mass Media Communication, University of SS. Cyril and Methodius in Trnava, Slovakia, 2019;2019, T. 98, nr 11 s. 1828-1831 - rys. - Summ. - Bibliogr. 18 poz.
Lublin : Wydawnictwo Uniwersytetu Marii Curie-Sk³odowskiej, 2019;2019, Vol. 41, No. 1 s. 15-22 - rys., tab. - Summ. - Bibliogr. 11 poz.
"Katowice ; Warszawa : Instytut Pamiêci Narodowej - Komisja Œcigania Zbrodni przeciwko Narodowi Polskiemu, 2019";S. 126-159
Lublin : Wydawnictwo Uniwersytetu Marii Curie-Sk³odowskiej, 2019;S. 85-125
Trnava : Faculty of Mass Media Communication, University of Ss. Cyril and Methodius in Trnava, 2019;2019, t. 103 (159) s. 135-150 - tab. - Streszcz., summ. - Bibliogr. 54 poz.
Warszawa : Kancelaria Senatu, 2019;S. 170-183
Ljubljana : Slovenian Society Informatika, Section for Operational Research, 2019;"247 s. ; Bibliogr. przy rozdz."
Warszawa : Kancelaria Senatu, 2019;2019, Vol. 8 (1) s. 26-36 - tab. - Summ. - Bibliogr. 17 poz.
Cham : Springer, 2019;S. 160-169
Bingley : Emerald Publishing Limited, 2019;2019, nr 14 (3) s. 313-324 - Streszcz., summ. - Bibliogr. 30 poz.
£ódŸ : Wydawnictwo Politechniki £ódzkiej, 2019;2019, nr 21 (70) s. 211-219 - tab. - Streszcz., summ. - Bibliogr. 14 poz.
Zagreb : Governance Research and Development Centre (CIRU), 2019;S. 67-84
£ódŸ : Wydawnictwo Politechniki £ódzkiej, 2019;2019, vol. 12, no. 2 s. 250-266 - Bibliogr. 55 poz.
Warszawa : Wydawnictwo Akademii Pedagogiki Specjalnej, 2019;S. 61-74 - rys., tab.
Warszawa : Wydawnictwo Akademii Pedagogiki Specjalnej, 2019;S. 39-49 - rys.
Warszawa : CeDeWu, 2019;S. 83-90 - rys., tab. - Bibliogr. 15 poz.
Poznañ : Wydawnictwo Uniwersytetu Ekonomicznego w Poznaniu, 2019;372 s.
Warszawa : C.H. Beck, 2019;"148 s. : rys., tab. ; Bibliogr. przy rozdz."
Warszawa : Wydawnictwo Akademii Pedagogiki Specjalnej, 2019;"428 s. ; Bibliogr. przy rozdz."
Warszawa : C.H. Beck, 2019;S. 153
Katowice : Wydawnictwo Uniwersytetu Ekonomicznego w Katowicach, 2019;"442 s. : rys. ; bibliogr. przy rozdz."
Gdañsk : Wydawnictwo Uniwersytetu Gdañskiego, 2019;2019, vol. 23, no. 3 s. 26-39 - rys., tab. - Streszcz., summ. - Bibliogr. 14 poz.
Warszawa : Wydawnictwo C.H. Beck, 2019;S. 186
Poznañ : Wydawnictwo Uniwersytetu Ekonomicznego w Poznaniu, 2019;"569 s. ; Bibliogr. przy rozdz."
Katowice : Publishing House of the University of Economics in Katowice, 2019;669 s.
Katowice : Publishing House of the University of Economics in Katowice, 2019;S. 122-133 - Bibliogr. 16 poz.
Katowice : Publishing House of the University of Economics in Katowice, 2019;251 s.
Warszawa : C.H. Beck, 2019;S. 205-225 - summ. - Bibliogr. 36 poz.
Katowice : Publishing House of the University of Economics in Katowice, 2019;S. 549-569 - summ., tab. - Bibliogr. 36 poz.
Warszawa : Wydawnictwo Akademii Pedagogiki Specjalnej, 2019;"384 s. ; Bibliogr. przy rozdz."
"London ; New York : Routledge, 2019";S. 182-189 - rys., summ. - Bibliogr. 12 poz.
Warszawa : Wydawnictwo Akademii Pedagogiki Specjalnej, 2019;2019, vol. 22, no. 4 s. 21-36 - rys., tab. - Summ. - Bibliogr. 59 poz.
Warszawa : C.H. Beck, 2019;56 s.
Katowice : Publishing House of the University of Economics in Katowice, 2019;S. 27-28
Katowice : Publishing House of the University of Economics in Katowice, 2019;114 s. : fot., rys., tab., Bibliogr. 173 poz., s. 103-112
Warszawa : Wydawnictwo Akademii Pedagogiki Specjalnej, 2019;S. 34-48
Katowice : Publishing House of the University of Economics in Katowice, 2019;2019, no. 4 (71) s. 176-187 - summ. - Bibliogr. 21 poz.
Warszawa : C.H. Beck, 2019;2019, Vol. 15, issue 4 s. 139-161 - tab. - Streszcz., summ. - Bibliogr. 63 poz.
"London ; New York : Routledge, 2019";2019, Vol. 20, iss. 3 s. 241-255 - Streszcz., summ. - Bibliogr. 47 poz.
Warszawa : Wydawnictwo Akademii Pedagogiki Specjalnej, 2019;S. 55-68 - Streszcz., summ. - Bibliogr. 38 poz.
Warszawa : C.H. Beck, 2019;2019, nr 80 s. 219-234 - Streszcz., summ. - Bibliogr. 12 poz.
Cham : Springer, 2019;2019, nr 136 s. 257-266 - rys., tab. - Summ. - Bibliogr. 27 poz.
Warszawa : CeDeWu, 2019;2019, vol. 76 s. 682-696 - rys. - Summ. - Bibliogr. 54 poz.
Varazdin : Varazdin Development and Entrepreneurship Agency, 2019;"660 s. ; Bibliogr. przy rozdz."
Koprivnica : University North, 2019;213 s.
Warsaw : Faculty of Management University of Warsaw, 2019;S. 334-340 - rys., tab., summ. - Bibliogr. 11 poz.
Rabat : Faculty of Law, Economics and Social Sciences Sale -Mohammed V University in Rabat, 2019;2019, iss. 21 s. 51-63 - rys., tab. - Summ. - Bibliogr. 45 poz.
Cakovec : Polytechnic of Medimurje in Cakovec, 2019;214 s. : rys., tab., Bibliogr. 395 poz., s. 191-210
Varazdin : Varazdin Development and Entrepreneurship Agency, 2019;S. 175-188 - tab. - Bibliogr. 6 poz.
Koprivnica : University North, 2019;2019, nr 6 s. 97-112
Warsaw : Faculty of Management University of Warsaw, 2019;2019, nr 2 (141) s. 29-46 - Streszcz., summ. - Bibliogr. 23 poz.
Rabat : Faculty of Law, Economics and Social Sciences Sale -Mohammed V University in Rabat, 2019;2019, vol. 2, nr 70 numer specjalny s. 91-122 - Streszcz., summ. - Bibliogr. 43 poz.
Cakovec : Polytechnic of Medimurje in Cakovec, 2019;2019, Vol. 20, iss. 3 s. 271-286 - Streszcz., summ. - Bibliogr. 28 poz.
Worone¿ : Woronezskij Gosudarstvennyj Pedagogiceskij Universitet, 2019;S. 141-152
Rzeszów : Wydawnictwo Uniwersytetu Rzeszowskiego, 2019;2019, nr 136 s. 289-303 - rys. - Summ. - Bibliogr. 48 poz.
Rzeszów : Wydawnictwo Uniwersytetu Rzeszowskiego, 2019;2019, vol. 11, iss. 6 (1589) 13 s. - Summ. - Bibliogr. 66 poz.
Varazdin : Varazdin Development and Entrepreneurship Agency, 2019;S. 81-104 - tab.
Koprivnica : University North, 2019;2019, vol. 11, iss. 5 (1460) 28 s. - rys., tab. - Summ. - Bibliogr. 119 poz.
Warsaw : Faculty of Management University of Warsaw, 2019;S. 98-106 - rys., tab. - Bibliogr. 28 poz.
Rabat : Faculty of Law, Economics and Social Sciences Sale -Mohammed V University in Rabat, 2019;S. 41-50
Cakovec : Polytechnic of Medimurje in Cakovec, 2019;2019, nr 136 s. 165-178 - tab. - Summ. - Bibliogr. 21 poz.
Varazdin : Varazdin Development and Entrepreneurship Agency, 2019;2019, nr 1 (21) s. 7-35 - rys., tab. - Streszcz., summ. - Bibliogr. 48 poz.
Koprivnica : University North, 2019;2019, nr 1 (21) s. 102-114 - rys., tab. - Streszcz., summ. - Bibliogr. 30 poz.
Warsaw : Faculty of Management University of Warsaw, 2019;2019, nr 136 s. 267-276 - Summ. - Bibliogr. 26 poz.
Rabat : Faculty of Law, Economics and Social Sciences Sale -Mohammed V University in Rabat, 2019;2019, vol. 63, nr 6 s. 249-260 - rys., tab. - Streszcz., summ. - Bibliogr. 32 poz.
Cakovec : Polytechnic of Medimurje in Cakovec, 2019;2019, nr 12 s. 80-85 - tab. - Streszcz., summ. - Bibliogr. 19 poz.
Katowice : Uniwersytet Œl¹ski w Katowicach. Wydzia³ Prawa i Administracji, 2019;2019, nr 3 (101) s. 63-76 - tab. - Summ. - Bibliogr. 45 poz.
Warszawa : Wydawnictwo C.H. Beck, 2019;2019, Vol. 13, issue 2 s. 46-55 - Summ. - Bibliogr. 56 poz.
Katowice : Uniwersytet Œl¹ski w Katowicach. Wydzia³ Prawa i Administracji, 2019;"276 s. : rys., tab. ; Bibliogr. przy rozdz."
"Hershey : IGI Global ; Business Science Reference, cop. 2019";299 s.
Warszawa : C.H. Beck, 2019;2019, nr 45 s. 103-122 - rys., tab. - Streszcz., summ. - Bibliogr. 33 poz.
Zagreb : Governance Research and Development Centre (CIRU), 2019;273 s. : rys., Bibliogr. 469 poz., s. 244-266
£ódŸ : Wydawnictwo Politechniki £ódzkiej, 2019;2019, nr 136 s. 631-641 - tab. - Summ. - Bibliogr. 26 poz.
"Hershey : IGI Global ; Business Science Reference, cop. 2019";S. 175-180 - Bibliogr. 9 poz.
Czêstochowa : Wydawnictwo Politechniki Czêstochowskiej, 2019;2019, nr 136 s. 693-705 - rys., tab. - Summ. - Bibliogr. 18 poz.
